Proteins,MNC...Maximum.Neighborhood.Component,Degree.Centrality,Eccentricity.Centrality,Closeness.centrality..Latora.,Radiality.Centrality,Shortest.Paths.Betweenness.Centrality,clustering.coefficient,Average.Distance,K.core.Decomposition,modularity,DMNC...Density.of.Maximum.Neighborhood.Component,Stress.Centrality,MCC,classes
AAAS,44,44,4,302.8333333,2.475714286,8.848207437,0.903805497,2.524216524,43,4,0.496984807,4243,9,0
ABCC8,29,30,3,332.8333333,2.774285714,228.797573,0.381609195,2.226495726,27,1,0.408200739,2397,63,1
ABCC9,43,43,3,330.3333333,2.715714286,280.5301194,0.520487265,2.284900285,32,2,0.492111402,11816,73,1
ACTA2,72,72,3,372.8333333,2.997142857,1348.954023,0.363067293,2.004273504,32,2,0.517407214,10390,265,0
ACTB,120,120,3,405.1666667,3.137142857,2480.278563,0.316526611,1.864672365,43,3,0.560608358,6026,961,0
ACTC1,75,76,3,365,2.918571429,503.1302864,0.445263158,2.082621083,32,2,0.541691056,702,440,0
ACTG2,41,42,3,326.1666667,2.682857143,91.80956281,0.638792102,2.317663818,32,2,0.48827895,24137,108,0
ACTN1,52,52,3,335.3333333,2.732857143,323.4140426,0.378582202,2.267806268,32,2,0.523125199,0,102,0
ACTN2,99,99,3,376.1666667,2.948571429,1293.37065,0.318903319,2.052706553,32,2,0.5582545,21,612,0
ACTN3,50,50,3,323.6666667,2.638571429,88.24729153,0.662040816,2.361823362,32,2,0.533809326,160,228,0
ACTN4,51,52,3,353.3333333,2.887142857,740.4808906,0.33107089,2.113960114,32,2,0.523480786,1151,98,0
ACVR1,29,29,4,308.4166667,2.567142857,20.20828161,0.736453202,2.433048433,24,3,0.415425531,6587,87,1
ACVR1B,28,28,4,316.5833333,2.64,37.65915362,0.658730159,2.36039886,24,3,0.417515483,21,40,1
ACVR1C,21,21,4,292.75,2.455714286,9.086344778,0.8,2.544159544,20,3,0.433502711,0,10,0
ACVR2A,24,25,4,300.0833333,2.507142857,35.32759704,0.736666667,2.492877493,23,3,0.391448216,3303,23,0
ACVR2B,36,36,4,327.9166667,2.714285714,182.3392026,0.457142857,2.286324786,27,3,0.415392612,9562,48,0
ADAM10,44,44,3,339.8333333,2.794285714,268.7144067,0.406976744,2.206552707,31,3,0.496984807,410,93,1
ADAM17,34,34,3,337.8333333,2.805714286,116.0083812,0.524064171,2.195156695,28,3,0.404373851,8689,50,1
ADCY8,27,27,3,312.5,2.608571429,61.40838789,0.41025641,2.391737892,23,1,0.398885812,3300,19,0
AGRN,14,16,4,301.8333333,2.521428571,69.4449126,0.341666667,2.478632479,15,3,0.463179977,71,9,0
AKAP1,17,17,3,306.1666667,2.582857143,28.22646805,0.441176471,2.417378917,17,1,0.475931074,2559,12,0
AKAP5,36,36,3,310.5,2.565714286,104.4135093,0.420634921,2.434472934,26,1,0.415392612,6872,56,0
AKAP9,63,63,3,361.5,2.925714286,600.8133066,0.358934972,2.075498575,32,1,0.523066558,1986,343,0
AKT1,204,205,3,448.8333333,3.268571429,7337.497089,0.211286466,1.733618234,43,3,0.542256648,2008,4781,1
AKT2,68,68,3,358.8333333,2.888571429,186.7499584,0.522827041,2.112535613,38,3,0.523970223,14953,300,1
ALDOA,22,23,3,316.6666667,2.655714286,113.4568983,0.383399209,2.344729345,17,1,0.372449572,2046,16,1
ALDOC,14,15,3,308.3333333,2.607142857,45.70608144,0.438095238,2.393162393,13,1,0.402235243,3738,7,0
ALYREF,72,72,4,340.9166667,2.722857143,192.6297877,0.669014085,2.277777778,43,4,0.517407214,676,66,0
ANK1,38,38,3,337.3333333,2.79,220.1566323,0.517780939,2.210826211,30,1,0.441634123,7091,41,0
ANK2,85,85,3,366.1666667,2.902857143,888.5030245,0.332212885,2.098290598,32,1,0.567233054,1579,774,0
ANK3,48,49,3,337.1666667,2.757142857,203.8752651,0.461734694,2.243589744,31,1,0.5107413,9053,137,0
ANKRD1,36,36,3,321,2.655714286,82.37754969,0.573015873,2.344729345,31,2,0.415392612,463,42,0
ANP32A,8,10,4,293.8333333,2.491428571,25.39195184,0.333333333,2.508547009,10,4,0.341375545,0,8,0
APH1A,12,13,4,278.1666667,2.328571429,39.20106361,0.564102564,2.670940171,12,3,0.473029879,10861,7,1
AR,93,93,3,388.6666667,3.072857143,779.7228873,0.45371669,1.928774929,43,3,0.549519469,2417,1299,1
ARHGAP24,9,9,3,309,2.63,7.020799937,0.444444444,2.37037037,9,2,0.305911818,0,6,0
ASPH,13,14,3,313,2.65,105.4148488,0.351648352,2.35042735,13,1,0.524201426,1714,8,1
ATF3,28,29,3,332.3333333,2.772857143,57.42724909,0.68226601,2.227920228,28,3,0.425176318,182,14,1
ATM,102,102,3,380.6666667,2.978571429,575.3035544,0.473500291,2.022792023,43,3,0.570462924,2646,2174,1
ATP1A1,25,27,3,329.6666667,2.755714286,468.8888142,0.341880342,2.245014245,23,1,0.402679423,1173,28,1
ATP1A2,33,33,3,318.8333333,2.645714286,203.7842746,0.412878788,2.354700855,25,1,0.410488347,3999,55,1
ATP1A3,28,30,3,315,2.621428571,224.4629528,0.367816092,2.378917379,23,1,0.413685066,620,25,1
ATP1A4,20,20,3,302.1666667,2.54,101.1698132,0.510526316,2.46011396,18,1,0.450147363,917,14,1
ATP1B1,28,33,3,341,2.835714286,812.0459141,0.274621212,2.165242165,23,1,0.375380893,9400,26,0
ATP2A1,44,44,3,334.1666667,2.745714286,164.1414261,0.473572939,2.254985755,32,2,0.496984807,1016,89,1
ATP2A2,67,68,3,357.1666667,2.874285714,685.2429553,0.348551361,2.126780627,32,2,0.514790937,4759,245,0
ATP2A3,13,13,4,294.3333333,2.491428571,13.24973051,0.487179487,2.508547009,13,2,0.524201426,3421,8,0
ATP2B4,26,26,3,319.5,2.671428571,56.04594682,0.461538462,2.329059829,23,2,0.38148475,970,44,0
AURKAIP1,79,82,4,329,2.588571429,703.5037426,0.905149051,2.411680912,78,5,0.563071805,7206,4,0
BMP2,63,63,3,348.6666667,2.815714286,260.1397826,0.501280082,2.185185185,35,3,0.523066558,1579,395,0
BMP4,86,86,3,367.3333333,2.91,785.5895333,0.356497948,2.091168091,35,3,0.558613197,9867,482,0
BMPR1A,31,31,3,320,2.661428571,31.26302834,0.627956989,2.339031339,27,3,0.407189449,96,62,0
BMPR1B,26,26,4,305.5833333,2.551428571,17.21312465,0.753846154,2.448717949,24,3,0.38148475,0,42,0
BMPR2,33,33,3,326.8333333,2.714285714,73.54899047,0.613636364,2.286324786,27,3,0.410488347,6225,71,0
BRAF,31,31,3,332.6666667,2.77,58.33817225,0.492473118,2.230769231,28,3,0.407189449,6649,40,1
BRCA1,107,107,3,387.6666667,3.024285714,968.2239616,0.459707283,1.977207977,43,3,0.567063034,1907,3256,0
BRCA2,54,54,4,352.0833333,2.87,162.807686,0.623340321,2.131054131,43,3,0.498846613,115,330,0
BSG,22,23,3,321.8333333,2.7,118.6634883,0.501976285,2.300569801,19,3,0.401099539,85,12,0
BZRAP1,17,19,3,291.1666667,2.448571429,72.51766402,0.286549708,2.551282051,15,1,0.511185228,5068,16,0
CACNA1A,66,66,3,342.8333333,2.757142857,480.3326995,0.323076923,2.243589744,32,1,0.505010846,380,311,1
CACNA1C,134,134,3,393,2.992857143,2357.055615,0.243294804,2.008547009,32,1,0.566912637,306,2042,1
CACNA1D,68,68,3,346,2.778571429,485.9615213,0.321773486,2.222222222,32,1,0.523970223,0,260,1
CACNA1E,45,45,3,333,2.732857143,221.7418071,0.382828283,2.267806268,29,1,0.48908485,3210,70,1
CACNA1F,43,43,3,322,2.644285714,127.1686363,0.468438538,2.356125356,29,1,0.492111402,0,61,1
CACNA1S,62,62,3,338,2.727142857,483.8012227,0.319407721,2.273504274,32,1,0.516920387,450,150,1
CACNA2D1,64,65,3,339,2.727142857,258.8027499,0.426442308,2.273504274,32,1,0.521046771,232,420,1
CACNA2D2,36,36,3,323.3333333,2.675714286,129.0419851,0.492063492,2.324786325,29,1,0.415392612,760,52,1
CACNA2D3,23,24,4,300.25,2.494285714,80.63646729,0.648550725,2.505698006,24,1,0.377722506,4436,10,1
CACNA2D4,23,25,4,307.1666667,2.567142857,145.9300954,0.746666667,2.433048433,25,1,0.345802294,4307,15,0
CACNB1,37,37,3,319.1666667,2.637142857,100.3279615,0.504504505,2.363247863,29,1,0.428078211,2256,62,1
CACNB2,80,80,3,361.6666667,2.878571429,821.8890674,0.344936709,2.122507123,32,1,0.562646438,891,718,1
CACNB3,35,35,3,317.6666667,2.63,48.81383015,0.574789916,2.37037037,29,1,0.403736298,0,49,1
CACNB4,41,41,3,323.1666667,2.66,206.2250458,0.475609756,2.34045584,29,1,0.474096574,1043,87,1
CACNG1,30,31,4,307.75,2.555714286,88.19664025,0.580645161,2.444444444,28,1,0.419867845,536,25,1
CACNG2,39,39,4,308.4166667,2.538571429,126.2470076,0.543859649,2.461538462,28,1,0.455923997,4645,38,1
CACNG3,42,42,3,314.6666667,2.584285714,105.1565294,0.509872242,2.415954416,29,1,0.488480697,136,63,0
CALM1,116,116,3,396.8333333,3.077142857,2727.738186,0.218290855,1.924501425,32,1,0.542962468,1044,650,0
CALM2,64,65,3,356.6666667,2.878571429,595.9424356,0.25,2.122507123,32,1,0.508526238,870,149,0
CALM3,94,94,3,376.3333333,2.964285714,1259.78116,0.239075726,2.037037037,32,1,0.546380568,3307,380,0
CAMK1,15,15,4,303.0833333,2.561428571,29.44073965,0.40952381,2.438746439,15,1,0.445360252,493,11,0
CAMK2A,70,70,3,363.5,2.922857143,771.1837421,0.289855072,2.078347578,32,1,0.538184233,2405,241,1
CAMK2B,62,62,3,357.8333333,2.897142857,518.1354688,0.3188789,2.103988604,32,1,0.516920387,524,168,1
CAMK2D,58,58,3,362.8333333,2.951428571,667.6882684,0.31276467,2.04985755,32,1,0.499491299,301,128,0
CAMK2G,34,34,3,333.3333333,2.767142857,111.8493581,0.459893048,2.233618234,28,1,0.404373851,341,63,1
CAMKK1,14,16,4,302,2.548571429,35.5169042,0.358333333,2.451566952,15,1,0.487557871,1959,7,0
CAMKK2,20,21,3,309.5,2.6,37.10104851,0.438095238,2.4002849,19,1,0.409835658,728,19,0
CASP3,116,116,3,392.6666667,3.041428571,1372.811066,0.354122939,1.96011396,43,3,0.542962468,3777,2183,1
CASQ2,76,76,3,353.1666667,2.817142857,610.2862608,0.386666667,2.183760684,32,2,0.542128906,12682,562,0
CAV1,99,99,3,384.1666667,3.017142857,1622.330373,0.298701299,1.984330484,37,3,0.5582545,9032,412,0
CAV2,26,26,3,329.5,2.757142857,81.34658236,0.433846154,2.243589744,24,1,0.38148475,2552,23,0
CAV3,98,98,3,378.1666667,2.968571429,1959.900934,0.265937303,2.032763533,32,2,0.551725821,614,647,0
CBL,66,66,3,364.5,2.942857143,452.1007988,0.418648019,2.058404558,33,3,0.505010846,7703,402,0
CBY3,1,1,3,267.1666667,2.294285714,0,NA,2.705128205,1,6,0,132,1,0
CCNA1,68,68,4,346.25,2.78,81.81174821,0.666374012,2.220797721,43,3,0.523970223,9195,1043,0
CCNA2,102,102,3,381.3333333,2.984285714,496.699572,0.517957678,2.017094017,43,3,0.570462924,418,3528,1
CCNB1,132,132,3,399,3.05,1873.476472,0.374161462,1.951566952,43,3,0.566092304,10487,3806,0
CCNB2,87,87,4,352.1666667,2.775714286,527.5603439,0.443197006,2.225071225,43,3,0.56292776,2153,633,0
CCND1,141,141,3,405.8333333,3.082857143,1218.961058,0.381560284,1.918803419,43,3,0.571942857,3043,5263,1
CCND2,71,71,4,351.9166667,2.82,103.64535,0.640241449,2.180911681,43,3,0.52801487,8435,1054,0
CCND3,58,58,4,339.9166667,2.754285714,65.72048222,0.683000605,2.246438746,43,3,0.499491299,6399,340,0
CCNE1,87,87,4,365.9166667,2.894285714,249.7332987,0.584335739,2.106837607,43,3,0.56292776,2,2366,0
CCNE2,71,71,4,347.25,2.78,90.14996721,0.690945674,2.220797721,43,3,0.52801487,1256,1759,0
CCNH,40,40,4,319.5,2.63,40.68890898,0.691025641,2.37037037,40,3,0.458162509,239,80,0
CD44,78,78,3,367.6666667,2.935714286,537.8979423,0.457542458,2.065527066,37,3,0.552337977,11427,533,1
CDC20,93,93,4,369.0833333,2.904285714,777.0968412,0.424731183,2.096866097,43,3,0.549519469,1481,1049,0
CDC25A,80,80,3,357.8333333,2.845714286,150.3579588,0.641772152,2.155270655,43,3,0.562646438,1470,1983,0
CDC25B,46,46,3,325.5,2.665714286,26.25885493,0.77294686,2.334757835,42,3,0.483161437,216,194,0
CDC25C,77,77,3,358.1666667,2.857142857,569.0446494,0.50786056,2.143874644,43,3,0.550224705,3245,741,1
CDC34,42,42,3,324.6666667,2.67,52.4199615,0.583042973,2.33048433,33,3,0.488480697,534,69,0
CDC45,45,46,4,320.75,2.624285714,122.1755818,0.714009662,2.376068376,39,3,0.482147476,696,65,0
CDC5L,84,85,3,365.1666667,2.894285714,1394.862602,0.379831933,2.106837607,43,4,0.56020769,8678,97,0
CDC6,73,73,4,349.4166667,2.792857143,153.6247167,0.625570776,2.207977208,43,3,0.524180086,1531,1436,0
CDC7,41,41,4,314,2.58,18.15062058,0.751219512,2.42022792,37,3,0.474096574,454,61,0
CDH1,129,129,3,397.5,3.045714286,1352.115096,0.336361434,1.955840456,43,3,0.566738237,1060,2729,0
CDH2,87,88,3,385.3333333,3.058571429,1446.113639,0.37800418,1.943019943,37,3,0.574463165,455,557,0
CDH3,21,21,4,307.1666667,2.578571429,37.4749097,0.614285714,2.421652422,18,3,0.433502711,5622,11,0
CDH5,46,46,3,338.5,2.777142857,112.3206944,0.485024155,2.223646724,32,3,0.483161437,250,112,1
CDK1,140,140,3,406.5,3.091428571,2887.961851,0.335046249,1.91025641,43,3,0.568618423,1538,3430,1
CDK2,111,111,3,401,3.127142857,1391.022463,0.457493857,1.874643875,43,3,0.54794201,689,3498,1
CDK4,97,97,3,370.1666667,2.902857143,363.8379794,0.539089347,2.098290598,43,3,0.545867283,19413,2676,1
CDK5RAP2,9,9,4,290.5833333,2.471428571,0.651323679,0.888888889,2.528490028,9,1,0.305911818,1807,3,0
CDK6,84,84,4,358.5833333,2.84,180.9003395,0.595238095,2.160968661,43,3,0.577943523,167,1830,1
CDKN1A,105,105,3,386.1666667,3.017142857,420.8473376,0.525641026,1.984330484,43,3,0.568363029,29,4299,0
CDKN1B,97,97,3,374,2.935714286,397.0572172,0.533505155,2.065527066,43,3,0.545867283,24092,3178,0
CDKN1C,46,47,3,342.6666667,2.81,174.3520694,0.718778908,2.190883191,41,3,0.491520631,270,116,0
CDKN2A,108,108,3,387,3.015714286,495.8324149,0.489615784,1.985754986,43,3,0.564753138,315,3631,0
CDKN3,72,72,3,363.5,2.917142857,270.5108476,0.661580595,2.084045584,43,3,0.517407214,18387,1171,0
CDT1,59,59,4,331,2.674285714,39.98444146,0.726475745,2.326210826,43,3,0.499775938,8994,655,0
CEBPB,39,39,3,332.1666667,2.742857143,74.43478074,0.588394062,2.257834758,33,3,0.455923997,248,40,0
CHCHD1,78,78,4,298.5833333,2.325714286,0,1,2.673789174,78,5,0.552337977,0,1,0
CKS1B,54,54,4,323.5,2.624285714,52.75351225,0.720475192,2.376068376,43,3,0.498846613,1124,349,1
CKS2,44,44,4,312,2.554285714,34.16969775,0.773784355,2.445868946,40,3,0.496984807,8801,118,0
CNTNAP1,19,19,3,302.5,2.545714286,32.07887773,0.549707602,2.454415954,18,1,0.461128576,3293,17,0
CPSF1,67,67,4,316.9166667,2.53,64.74077255,0.70963365,2.47008547,43,4,0.513898752,4687,23,0
CREBBP,86,86,3,372.8333333,2.957142857,723.7802892,0.375649795,2.044159544,43,3,0.558613197,90,426,0
CRK,45,45,3,341,2.801428571,136.9504507,0.539393939,2.199430199,32,3,0.48908485,282,208,0
CRKL,40,41,3,330.8333333,2.725714286,178.0601932,0.498780488,2.274928775,32,3,0.481387337,0,103,0
CRYAB,32,32,3,341.5,2.842857143,121.0674101,0.427419355,2.158119658,30,2,0.404551175,3238,27,0
CSRP3,51,51,3,331.3333333,2.701428571,139.8407132,0.530980392,2.299145299,32,2,0.538960057,96,134,0
CTGF,55,55,3,353.5,2.88,153.3071124,0.582491582,2.121082621,35,3,0.494956696,549,339,0
CTNNA1,43,43,3,339.1666667,2.791428571,179.9655561,0.357696567,2.209401709,31,3,0.492111402,86,79,0
CTNNB1,161,161,3,420.8333333,3.154285714,4395.724631,0.262810559,1.847578348,43,3,0.565600549,0,2961,1
CTNNBL1,46,48,4,305.0833333,2.48,165.3963885,0.878546099,2.51994302,43,4,0.483161437,0,9,0
CTNND1,40,40,3,328,2.704285714,138.878373,0.470512821,2.296296296,29,3,0.458162509,5048,91,0
CTTNBP2,6,7,3,297.1666667,2.534285714,138.1035829,0.285714286,2.465811966,6,1,0.150525011,3470,5,0
CUL1,78,78,4,353.0833333,2.81,313.1466664,0.481518482,2.190883191,43,3,0.552337977,1078,533,0
DAG1,23,24,3,305.8333333,2.56,137.4276448,0.387681159,2.44017094,17,2,0.345802294,125,16,0
DAP3,79,80,4,331.25,2.615714286,686.3885737,0.963291139,2.384615385,78,5,0.555618388,2740,3,0
DAPK1,26,26,3,329.1666667,2.754285714,66.07161688,0.436923077,2.246438746,25,3,0.38148475,6533,22,1
DBF4,28,28,4,291.6666667,2.424285714,6.031987817,0.857142857,2.575498575,28,3,0.417515483,770,14,0
DCX,15,15,3,314,2.655714286,28.12315246,0.533333333,2.344729345,15,3,0.445360252,13820,12,0
DDIT4,20,20,3,323.3333333,2.721428571,39.98345763,0.584210526,2.279202279,18,3,0.450147363,5307,13,0
DHX9,63,63,3,344,2.775714286,371.666116,0.599078341,2.225071225,43,4,0.523066558,2245,59,0
DLG1,61,62,3,370.1666667,3.002857143,1482.795538,0.237440508,1.998575499,32,1,0.516540495,5229,140,0
DLG4,72,72,3,364.5,2.925714286,1210.099309,0.27543036,2.075498575,32,1,0.517407214,36038,216,1
DMD,78,78,3,373.1666667,2.982857143,1344.890993,0.350649351,2.018518519,32,2,0.552337977,5194,254,0
DNM2,33,33,4,341.0833333,2.835714286,164.817818,0.439393939,2.165242165,29,3,0.410488347,3770,40,0
DPP6,21,21,3,292.8333333,2.457142857,24.43510459,0.514285714,2.542735043,19,1,0.433502711,209,34,0
DSC1,14,14,4,274.3333333,2.292857143,0.422609545,0.956043956,2.706552707,14,2,0.463179977,7782,2,0
DSC2,29,29,3,327.3333333,2.73,125.6174325,0.5591133,2.270655271,20,2,0.415425531,0,26,0
DSC3,21,21,3,320,2.69,76.77897965,0.647619048,2.310541311,16,2,0.433502711,644,11,0
DSG1,17,18,4,286.8333333,2.39,19.99011314,0.68627451,2.60968661,16,2,0.423049843,8279,9,0
DSG2,39,39,3,337.6666667,2.79,239.6879382,0.417004049,2.210826211,26,2,0.455923997,181,54,0
DSG3,18,18,4,292.4166667,2.438571429,24.7754514,0.673202614,2.561253561,16,2,0.456635606,3069,8,0
DSG4,15,15,4,276.5,2.308571429,5.633709834,0.838095238,2.690883191,14,2,0.445360252,154,3,0
DSP,38,38,3,344.5,2.851428571,285.5582528,0.433854908,2.14957265,26,2,0.441634123,3,64,0
DTX1,22,22,4,302.5,2.535714286,123.5668676,0.41991342,2.464387464,17,3,0.424019513,644,20,0
DTX4,13,13,4,285.25,2.412857143,37.09829248,0.525641026,2.586894587,12,3,0.524201426,9,5,0
DYSF,21,21,4,295.3333333,2.447142857,66.57934344,0.452380952,2.552706553,17,2,0.433502711,2665,14,0
E2F1,72,72,4,347.5833333,2.78,106.060167,0.661189358,2.220797721,43,3,0.517407214,1970,1584,0
E2F2,51,51,4,330.9166667,2.697142857,20.56279954,0.834509804,2.303418803,43,3,0.538960057,2147,457,0
E2F3,64,64,3,346.5,2.794285714,107.1354523,0.654761905,2.206552707,43,3,0.529714832,21,567,0
E2F4,62,62,4,339.4166667,2.738571429,44.50420237,0.712321523,2.262108262,43,3,0.516920387,609,931,0
E2F5,51,51,4,324.6666667,2.642857143,20.24291356,0.763137255,2.357549858,43,3,0.538960057,776,380,0
EGF,128,128,3,399.3333333,3.064285714,1696.86607,0.335137795,1.937321937,43,3,0.574151735,3871,2012,1
EGFR,160,160,3,419.5,3.145714286,2702.232487,0.279795597,1.856125356,43,3,0.563801616,82,3242,1
ELAVL1,79,79,3,373.5,2.982857143,1513.491985,0.446608244,2.018518519,43,4,0.555618388,2833,125,0
ENO1,18,18,3,327.6666667,2.764285714,70.61001036,0.470588235,2.236467236,15,1,0.456635606,0,12,0
ENSG00000196689,34,34,3,339,2.815714286,183.8802689,0.379679144,2.185185185,28,1,0.404373851,5970,72,0
EP300,126,126,3,398.8333333,3.065714286,2023.291027,0.332444444,1.935897436,43,3,0.57453713,4100,2415,0
ERBB2,107,107,3,388.6666667,3.032857143,553.5187796,0.415623347,1.968660969,43,3,0.567063034,0,1494,1
ESR1,104,104,3,385.5,3.014285714,859.9959166,0.430731889,1.987179487,43,3,0.576234668,816,2195,1
FGF12,33,33,3,346.3333333,2.881428571,271.0498412,0.386363636,2.11965812,29,1,0.410488347,0,27,0
FGF13,49,49,3,352.3333333,2.887142857,164.4543569,0.56462585,2.113960114,34,3,0.520533453,2540,129,0
FGF23,27,27,3,320.3333333,2.675714286,89.18897383,0.498575499,2.324786325,24,3,0.398885812,0,23,1
FKBP1A,59,59,3,355.1666667,2.882857143,970.7359641,0.284628872,2.118233618,32,1,0.499775938,0,81,1
FKBP1B,21,21,3,311.8333333,2.62,104.2459012,0.257142857,2.38034188,20,1,0.433502711,0,13,0
FLOT1,14,14,3,309.8333333,2.622857143,13.48235004,0.56043956,2.377492877,14,3,0.463179977,1297,12,0
FOXH1,22,22,4,297.8333333,2.495714286,29.58846562,0.54978355,2.504273504,21,3,0.424019513,680,17,0
FOXM1,80,81,3,366.3333333,2.915714286,452.8268669,0.541975309,2.085470085,43,3,0.557338453,67,897,0
FOXO1,81,81,3,375.8333333,2.997142857,454.6060043,0.492901235,2.004273504,43,3,0.564091744,130,628,0
FOXO3,91,92,3,386.5,3.057142857,831.6662821,0.434543717,1.944444444,43,3,0.551644814,4431,1027,0
FURIN,23,25,3,318.5,2.665714286,131.0603402,0.483333333,2.334757835,21,3,0.367082436,9556,32,1
FXYD2,14,14,3,293.1666667,2.48,6.694892161,0.747252747,2.51994302,14,1,0.463179977,429,5,1
FXYD7,5,5,4,239.0833333,1.975714286,0,1,3.022792023,5,1,0.136066147,721,1,0
FYN,87,87,3,380,3.015714286,1147.596105,0.32183908,1.985754986,34,3,0.56292776,2418,565,1
FZR1,67,67,4,335.5833333,2.691428571,115.3912668,0.569425599,2.309116809,43,3,0.513898752,1040,473,0
GADD45GIP1,85,85,4,342.5833333,2.7,1606.471224,0.849019608,2.300569801,78,5,0.567233054,484,5,0
GALNT3,5,9,3,293,2.492857143,27.5719433,0.305555556,2.507122507,9,1,0.272132295,92,5,0
GALNT6,4,6,3,294.8333333,2.517142857,10.78266329,0.4,2.482905983,6,1,0.197510328,996,3,0
GAPDH,214,214,3,456.1666667,3.305714286,10398.3789,0.20758194,1.696581197,43,3,0.555003234,2530,5234,1
GATA4,77,77,3,366.5,2.928571429,768.6547012,0.353725222,2.072649573,32,3,0.550224705,2027,498,0
GATA5,36,36,3,341.5,2.831428571,219.6869639,0.382539683,2.16951567,29,3,0.415392612,2237,77,0
GATA6,48,48,3,353.6666667,2.901428571,430.5449631,0.336879433,2.0997151,32,3,0.507627023,6902,150,0
GJA1,103,103,3,389.3333333,3.05,1705.061113,0.281743765,1.951566952,35,3,0.569945239,3274,579,1
GJA3,19,19,3,316.1666667,2.662857143,32.62396992,0.538011696,2.337606838,16,2,0.461128576,155,15,0
GJA5,48,48,3,337.8333333,2.765714286,301.8029487,0.363475177,2.235042735,32,2,0.507627023,35673,177,0
GJC1,16,16,3,296.3333333,2.501428571,8.958638152,0.683333333,2.498575499,15,2,0.487629121,641,13,0
GJC3,16,16,3,298,2.515714286,11.08671899,0.691666667,2.484330484,15,2,0.487629121,347,13,0
GJD3,15,15,3,293.8333333,2.482857143,4.294101106,0.761904762,2.517094017,15,2,0.445360252,970,11,0
GLE1,57,58,4,320.4166667,2.587142857,179.929175,0.701149425,2.413105413,43,4,0.494344104,1333,49,0
GNB1,55,56,3,343.3333333,2.79,539.8133295,0.264935065,2.210826211,32,1,0.519766556,745,75,0
GNB2,39,39,3,329,2.715714286,268.5262554,0.282051282,2.284900285,29,1,0.455923997,970,27,0
GPD1,14,14,3,308,2.607142857,66.78828999,0.494505495,2.393162393,12,1,0.463179977,285,5,1
GPD1L,44,44,3,336,2.761428571,411.0259871,0.510570825,2.239316239,29,1,0.496984807,329,278,0
GPD2,6,9,4,298.4166667,2.537142857,21.94509061,0.472222222,2.462962963,9,1,0.351225025,829,3,0
GPI,11,11,4,294.75,2.5,45.48293042,0.654545455,2.5,11,1,0.419374531,0,4,1
GPR161,8,8,4,258.5833333,2.151428571,1.100860655,0.857142857,2.847578348,8,1,0.248273124,972,2,0
GRAP2,23,23,3,301,2.521428571,2.278599559,0.885375494,2.478632479,23,3,0.393682612,2816,42,0
GRB2,66,66,3,361.3333333,2.915714286,287.4501076,0.477389277,2.085470085,34,3,0.505010846,494,473,1
GRIA1,48,48,3,343.8333333,2.817142857,252.5067549,0.404255319,2.183760684,32,1,0.507627023,648,139,1
GRIA3,26,27,4,303.9166667,2.534285714,51.15164333,0.54985755,2.465811966,23,1,0.38148475,93195,16,1
GRIA4,26,26,4,307.4166667,2.567142857,36.59576755,0.596923077,2.433048433,23,1,0.38148475,936,15,1
GRIK1,9,9,4,261,2.201428571,0,1,2.797720798,9,1,0.305911818,3285,1,1
GRIK2,30,30,3,315.6666667,2.627142857,104.2076327,0.473563218,2.373219373,24,1,0.419867845,0,43,1
GRIK3,11,12,4,268.75,2.262857143,13.18077418,0.590909091,2.736467236,11,1,0.419374531,557,4,1
GRIK4,29,29,4,287.5833333,2.387142857,91.86392851,0.384236453,2.612535613,22,1,0.415425531,16993,18,1
GRIK5,24,24,3,294.1666667,2.46,59.61936392,0.532608696,2.53988604,22,1,0.371628053,251,16,1
GRIN1,56,56,3,347.5,2.825714286,667.7629222,0.308441558,2.175213675,32,1,0.506766725,2402,139,1
GRIN2A,47,47,3,343.8333333,2.82,208.6636342,0.41813136,2.180911681,32,1,0.495147913,0,143,1
GRIN2B,62,62,3,355,2.872857143,710.0772737,0.330512956,2.128205128,32,1,0.516920387,87,235,1
HAND1,10,10,4,261.6666667,2.175714286,0.55761123,0.888888889,2.823361823,10,2,0.363453555,29,8,0
HAND2,34,34,3,327.1666667,2.714285714,117.3733797,0.529411765,2.286324786,26,2,0.404373851,2961,117,0
HCK,34,34,3,323,2.678571429,52.80427656,0.614973262,2.321937322,29,3,0.404373851,6621,75,1
HCN3,23,24,3,308.1666667,2.58,96.34259933,0.460144928,2.42022792,20,2,0.35112233,0,20,0
HCN4,84,84,3,375.3333333,2.984285714,1283.76058,0.31956397,2.017094017,32,1,0.577943523,71000,825,0
HES1,21,22,3,308.8333333,2.591428571,33.12827534,0.554112554,2.408831909,19,3,0.402538232,0,21,0
HES5,21,21,4,305.6666667,2.565714286,55.56793437,0.419047619,2.434472934,17,3,0.433502711,0,19,0
HEY1,39,39,4,328.0833333,2.707142857,152.22122,0.429149798,2.293447293,27,3,0.455923997,0,78,0
HEY2,37,37,3,336.1666667,2.782857143,320.3741223,0.375375375,2.217948718,26,3,0.428078211,0,64,0
HMMR,37,37,3,329.6666667,2.727142857,171.3906169,0.481981982,2.273504274,32,3,0.428078211,4264,38,1
HNRNPA0,46,46,4,297.5833333,2.421428571,1.747991003,0.964251208,2.578347578,43,4,0.483161437,497,7,0
HNRNPA1,83,83,3,368.8333333,2.931428571,2446.441754,0.431677931,2.06980057,43,4,0.570276902,10728,141,0
HNRNPA2B1,63,63,3,352.5,2.848571429,489.2678867,0.62109575,2.152421652,43,4,0.523066558,3885,81,0
HNRNPC,84,84,4,359.9166667,2.851428571,603.3611785,0.54302926,2.14957265,43,4,0.577943523,462,144,0
HNRNPF,50,50,3,327.3333333,2.67,132.3444587,0.817142857,2.33048433,43,4,0.533809326,0,11,0
HNRNPH1,53,53,4,335.75,2.732857143,219.4510975,0.7808418,2.267806268,43,4,0.509385528,208,23,0
HNRNPK,67,67,3,357.3333333,2.878571429,737.432372,0.54816825,2.122507123,43,4,0.513898752,7817,75,0
HNRNPL,49,50,4,333.4166667,2.721428571,178.1254091,0.831836735,2.279202279,43,4,0.519029021,936,15,0
HNRNPM,51,51,4,317.0833333,2.578571429,49.98552027,0.871372549,2.421652422,43,4,0.538960057,4175,30,0
HNRNPR,53,53,4,333.5833333,2.714285714,335.1571074,0.751088534,2.286324786,43,4,0.509385528,1245,23,0
HNRNPU,54,55,3,344.6666667,2.804285714,321.8730974,0.711111111,2.196581197,43,4,0.483497487,57027,25,0
HRAS,161,162,3,428.3333333,3.215714286,5005.054657,0.276359175,1.786324786,43,3,0.565600549,8528,4002,1
HRASLS5,10,12,3,306.5,2.6,62.33882805,0.606060606,2.4002849,12,1,0.620009006,581,5,0
HSP90AA1,136,136,3,414.8333333,3.174285714,3571.627955,0.248910675,1.827635328,43,3,0.57111099,26264,1002,1
HYAL2,7,7,3,288.6666667,2.461428571,4.547679942,0.571428571,2.538461538,7,3,0.193935037,3951,4,0
ICT1,79,79,4,299.8333333,2.334285714,2.428297426,0.987990912,2.665242165,78,5,0.555618388,977,2,0
IFNAR1,35,35,3,326.6666667,2.707142857,33.80529278,0.559663866,2.293447293,32,3,0.403736298,31444,37,1
IL37,5,5,4,278.5833333,2.38,0.03030303,0.9,2.61965812,5,3,0.136066147,2740,2,0
ILF3,51,51,3,335.3333333,2.735714286,313.6239416,0.703529412,2.264957265,43,4,0.538960057,8596,34,0
INS,176,177,3,437,3.247142857,7279.47011,0.213405239,1.754985755,43,3,0.560150075,632,2570,1
IRS1,62,63,3,354.8333333,2.868571429,386.921781,0.46953405,2.132478632,35,3,0.530122676,13262,245,1
IRX4,23,23,3,305.1666667,2.557142857,25.61852371,0.683794466,2.443019943,20,2,0.393682612,1353,49,0
IRX5,15,15,3,294.5,2.488571429,16.12794841,0.638095238,2.511396011,15,1,0.445360252,3823,9,0
ISG15,33,33,3,331.6666667,2.755714286,259.9923094,0.418560606,2.245014245,31,3,0.410488347,1784,18,0
ITGAM,43,43,3,337.3333333,2.775714286,164.758671,0.483942414,2.225071225,32,3,0.492111402,10337,76,0
JUN,113,113,3,390.6666667,3.032857143,988.3334524,0.402338812,1.968660969,43,3,0.547495804,3446,2570,1
JUP,53,53,3,350.6666667,2.861428571,507.4317012,0.349056604,2.13960114,32,2,0.509385528,759,100,0
KAT2B,66,66,4,351.75,2.832857143,242.2910053,0.474125874,2.168091168,42,3,0.505010846,30218,310,1
KCNA1,78,78,3,362.5,2.891428571,1309.343162,0.292374292,2.10968661,32,1,0.552337977,1686,452,1
KCNA2,78,78,3,359.6666667,2.867142857,1185.832145,0.299367299,2.133903134,32,1,0.552337977,438,567,1
KCNA3,54,54,3,348,2.835714286,672.546382,0.258560447,2.165242165,32,1,0.498846613,903,108,1
KCNA4,67,67,3,359.6666667,2.898571429,846.3799423,0.279963817,2.102564103,32,1,0.513898752,6121,307,1
KCNA5,83,83,3,380.5,3.031428571,1822.082736,0.229209521,1.97008547,32,1,0.570276902,6557,414,1
KCNA7,13,23,3,314.3333333,2.635714286,191.5600691,0.347826087,2.364672365,21,5,0.524201426,0,8,1
KCNAB1,24,24,4,285,2.372857143,29.38525122,0.416666667,2.626780627,21,1,0.371628053,474,59,0
KCNAB2,23,26,4,297.5,2.478571429,110.088859,0.292307692,2.521367521,21,1,0.367082436,2181,44,0
KCNAB3,24,24,4,282.3333333,2.352857143,48.33073789,0.387681159,2.646723647,21,1,0.371628053,318,51,0
KCNB1,67,67,3,364.1666667,2.937142857,1237.194136,0.251469923,2.064102564,32,1,0.513898752,356,219,1
KCNC1,65,65,3,349.6666667,2.818571429,705.1331302,0.327884615,2.182336182,32,1,0.517113997,0,334,1
KCND1,13,25,4,301.1666667,2.514285714,123.2344165,0.326666667,2.485754986,21,1,0.524201426,207,10,1
KCND2,78,78,3,364.5,2.908571429,1124.467784,0.281052281,2.092592593,32,1,0.552337977,155,439,0
KCND3,83,83,3,378.8333333,3.017142857,1702.65526,0.273875992,1.984330484,32,1,0.570276902,28,497,1
KCNE1,64,65,3,353,2.847142857,461.5723271,0.403846154,2.153846154,32,1,0.521046771,552,690,1
KCNE1L,40,40,3,322.5,2.657142857,47.21332286,0.669230769,2.343304843,32,1,0.458162509,7605,376,0
KCNE2,56,56,3,350.6666667,2.852857143,458.3167989,0.45,2.148148148,32,1,0.506766725,34,601,0
KCNE3,51,51,3,329.6666667,2.687142857,128.2389497,0.524705882,2.313390313,32,1,0.538960057,2437,548,0
KCNE4,26,26,3,296,2.47,7.824869941,0.670769231,2.52991453,25,1,0.38148475,2214,50,0
KCNH1,35,36,3,329.1666667,2.725714286,143.8509758,0.431746032,2.274928775,28,1,0.409013897,5,142,0
KCNH2,95,95,3,374.1666667,2.942857143,1006.280811,0.320268757,2.058404558,32,1,0.543781236,564,1434,1
KCNIP1,19,21,4,289.4166667,2.421428571,63.89066244,0.404761905,2.578347578,18,1,0.395253065,2788,31,0
KCNIP2,53,53,3,325.1666667,2.642857143,171.441483,0.437590711,2.357549858,32,1,0.509385528,178,556,0
KCNIP3,18,20,4,311.5,2.618571429,251.4053731,0.252631579,2.381766382,18,1,0.392546398,46427,23,0
KCNIP4,17,22,3,296.3333333,2.484285714,138.0308684,0.316017316,2.515669516,19,1,0.361355075,3815,19,0
KCNJ1,20,21,3,303,2.544285714,30.3799197,0.395238095,2.455840456,21,1,0.423272893,2229,21,1
KCNJ11,37,37,3,332.1666667,2.748571429,133.7837159,0.477477477,2.252136752,32,1,0.428078211,0,139,1
KCNJ12,36,36,3,321.6666667,2.661428571,52.64837638,0.53015873,2.339031339,29,1,0.415392612,167,258,1
KCNJ2,78,78,3,358.5,2.857142857,537.9678295,0.342324342,2.143874644,32,1,0.552337977,1804,935,0
KCNJ3,43,43,3,327.3333333,2.69,75.87196521,0.504983389,2.310541311,32,1,0.492111402,730,387,1
KCNJ4,33,33,3,308.3333333,2.555714286,63.70261805,0.492424242,2.444444444,28,1,0.410488347,1540,145,0
KCNJ5,51,51,3,341.6666667,2.79,234.2518306,0.438431373,2.210826211,32,1,0.538960057,8503,395,1
KCNJ8,45,45,3,338.3333333,2.778571429,100.4072744,0.587878788,2.222222222,32,1,0.48908485,876,395,1
KCNK2,25,25,3,300.1666667,2.508571429,52.57892005,0.45,2.491452991,22,1,0.37027993,1562,43,1
KCNK3,35,35,3,310.8333333,2.571428571,126.8677816,0.455462185,2.428774929,28,1,0.403736298,372,169,1
KCNMA1,56,56,3,336,2.727142857,481.8020689,0.325974026,2.273504274,32,1,0.506766725,6080,230,1
KCNMB1,15,17,4,289.4166667,2.438571429,35.36982259,0.455882353,2.561253561,16,1,0.401910471,198,10,1
KCNMB3,13,13,4,272.4166667,2.262857143,7.408870264,0.666666667,2.736467236,13,1,0.524201426,1618,5,1
KCNN2,33,33,3,305.6666667,2.532857143,71.17160864,0.528409091,2.467236467,28,1,0.410488347,3475,136,1
KCNN3,35,35,3,328.5,2.722857143,102.951824,0.502521008,2.277777778,29,1,0.403736298,867,167,1
KCNN4,32,32,3,322.5,2.68,121.8553702,0.45766129,2.320512821,25,1,0.404551175,6502,118,1
KCNQ1,91,91,3,388.3333333,3.075714286,2618.962218,0.252747253,1.925925926,32,1,0.560740801,3659,544,1
KCNQ2,79,79,3,361.5,2.88,1330.917349,0.297630639,2.121082621,32,1,0.555618388,1576,352,1
KCNQ3,57,57,3,341.3333333,2.77,696.6604071,0.332080201,2.230769231,32,1,0.507199388,784,91,1
KEL,1,2,4,225.0833333,1.797142857,0.444158456,0,3.200854701,2,1,1,457,2,0
KIDINS220,9,10,3,313.1666667,2.662857143,56.23299503,0.244444444,2.337606838,10,3,0.407882424,0,7,0
KPNB1,53,54,3,350.6666667,2.858571429,566.0985374,0.435359888,2.142450142,43,4,0.498828315,8481,55,0
LAMA2,15,15,4,290.1666667,2.42,24.33789585,0.571428571,2.57977208,15,2,0.445360252,967,7,0
LAT,28,28,3,314.8333333,2.625714286,77.66407155,0.574074074,2.374643875,26,3,0.417515483,0,34,0
LCK,61,61,3,365.6666667,2.967142857,397.6768478,0.484699454,2.034188034,34,3,0.50714885,2289,362,1
LCP2,25,25,3,302.1666667,2.525714286,9.995485174,0.81,2.474358974,23,3,0.37027993,29347,50,0
LDB3,52,52,3,343.5,2.802857143,231.3162472,0.527149321,2.198005698,32,2,0.523125199,3497,161,0
LFNG,13,13,4,281.5,2.378571429,23.59478928,0.525641026,2.621082621,11,3,0.524201426,783,11,0
LMNA,83,83,3,377.3333333,3.004285714,2167.738797,0.29562151,1.997150997,41,3,0.570276902,753,227,0
LRP6,25,25,4,323.4166667,2.707142857,24.19939986,0.653333333,2.293447293,23,3,0.37027993,695,13,0
LUC7L3,34,34,3,319.3333333,2.647142857,328.2000842,0.680926916,2.353276353,31,4,0.404373851,5879,11,0
LYN,61,61,3,351.5,2.845714286,215.1251822,0.508196721,2.155270655,35,3,0.50714885,5115,310,1
MAML1,28,28,4,311.5,2.595714286,66.22678451,0.486772487,2.404558405,21,3,0.417515483,0,33,0
MAML2,20,21,4,294.8333333,2.471428571,95.10178523,0.623809524,2.528490028,18,3,0.450147363,3953,13,0
MAML3,19,20,4,300.8333333,2.525714286,20.54345314,0.678947368,2.474358974,18,3,0.42453107,302,12,0
MAPK1,156,156,3,426.3333333,3.215714286,4243.644083,0.249875931,1.786324786,43,3,0.55160878,11857,2101,1
MAPK12,37,38,3,340,2.812857143,230.6735268,0.425320057,2.188034188,31,3,0.428078211,508,34,1
MAPK8,112,112,3,388.1666667,3.014285714,884.029614,0.383204633,1.987179487,43,3,0.545848641,1518,1600,1
MAPKAP1,16,16,4,295.9166667,2.497142857,1.868326893,0.85,2.502849003,16,3,0.487629121,2772,6,0
MAPRE1,27,27,3,321.8333333,2.688571429,233.0763946,0.339031339,2.311965812,25,3,0.398885812,219,14,0
MCM2,64,64,4,342,2.754285714,111.6155156,0.65625,2.246438746,43,3,0.529714832,1486,852,0
MCM3,67,67,4,336,2.694285714,215.2434045,0.544549977,2.306267806,43,3,0.513898752,827,493,0
MCM4,53,54,4,331,2.688571429,116.6200418,0.690426275,2.311965812,43,3,0.486951451,1175,222,0
MCM5,61,61,4,340.3333333,2.748571429,411.9917567,0.58579235,2.252136752,43,3,0.50714885,5721,357,0
MCM7,71,71,4,347.6666667,2.782857143,141.0464965,0.630181087,2.217948718,43,3,0.52801487,1067,1369,0
MEF2C,72,72,3,365.3333333,2.932857143,766.7385593,0.324726135,2.068376068,33,3,0.517407214,1005,248,0
MEN1,34,35,4,323.25,2.677142857,236.11493,0.519327731,2.323361823,30,3,0.404373851,3926,37,0
MET,62,63,3,358.3333333,2.898571429,448.7642009,0.494623656,2.102564103,37,3,0.516920387,281,234,1
MFNG,10,10,4,266.6666667,2.224285714,3.170501047,0.688888889,2.774928775,9,3,0.363453555,28325,7,0
MLST8,27,27,4,320.25,2.674285714,74.90823241,0.501424501,2.326210826,22,3,0.398885812,6628,19,0
MMP7,38,38,3,333,2.752857143,17.99083866,0.73826458,2.247863248,32,3,0.441634123,0,48,1
MMP9,74,74,3,360.6666667,2.887142857,211.7736827,0.54498334,2.113960114,38,3,0.52676366,21313,799,1
MRPL1,101,101,3,361.3333333,2.815714286,1265.293091,0.66019802,2.185185185,78,5,0.571385028,145,28,0
MRPL10,79,79,4,306.5,2.395714286,30.05205366,0.979876663,2.603988604,78,5,0.555618388,22215,2,0
MRPL11,101,101,3,367.1666667,2.865714286,1958.419544,0.657227723,2.135327635,78,5,0.571385028,3365,27,0
MRPL12,80,80,4,305.5,2.381428571,50.77949768,0.963924051,2.618233618,78,5,0.562646438,379,3,0
MRPL13,89,89,4,350.6666667,2.757142857,1065.207813,0.795199183,2.243589744,78,5,0.565838994,353,22,0
MRPL14,79,79,4,308.1666667,2.405714286,57.07279252,0.977280104,2.594017094,78,5,0.555618388,274,2,0
MRPL15,100,100,3,356,2.772857143,1126.371025,0.672727273,2.227920228,78,5,0.564503914,104,25,0
MRPL16,81,81,4,321.0833333,2.521428571,88.95125131,0.950617284,2.478632479,78,5,0.564091744,309,6,0
MRPL17,79,79,4,299.8333333,2.334285714,2.428297426,0.987990912,2.665242165,78,5,0.555618388,1937,2,0
MRPL18,78,78,4,298.5833333,2.325714286,0,1,2.673789174,78,5,0.552337977,167,1,0
MRPL19,82,82,4,336.0833333,2.652857143,906.9630062,0.920204758,2.347578348,78,5,0.563474332,8612,6,0
MRPL2,98,98,3,348.5,2.714285714,970.9634579,0.696191879,2.286324786,78,5,0.551725821,2358,22,0
MRPL20,80,80,4,305.5,2.381428571,50.77949768,0.963924051,2.618233618,78,5,0.562646438,520,3,0
MRPL21,80,80,4,307.5833333,2.402857143,32.48035108,0.968670886,2.596866097,78,5,0.562646438,2480,4,0
MRPL22,83,84,4,329,2.582857143,618.5994526,0.886402754,2.417378917,78,5,0.575268384,1217,12,0
MRPL24,94,94,3,344.3333333,2.69,740.0304697,0.74445207,2.310541311,78,5,0.546380568,8579,16,0
MRPL27,82,82,4,309.4166667,2.412857143,83.5438279,0.924721469,2.586894587,78,5,0.563474332,1665,7,0
MRPL28,80,80,4,307.75,2.405714286,123.3024369,0.955696203,2.594017094,78,5,0.562646438,8932,3,0
MRPL3,84,84,4,326.25,2.557142857,289.0050384,0.891853127,2.443019943,78,5,0.577943523,606,14,0
MRPL30,78,78,4,298.5833333,2.325714286,0,1,2.673789174,78,5,0.552337977,36919,1,0
MRPL32,83,83,4,313.9166667,2.447142857,303.1374498,0.898031149,2.552706553,78,5,0.570276902,1467,7,0
MRPL33,80,80,4,309.25,2.412857143,59.67388351,0.965822785,2.586894587,78,5,0.562646438,9352,3,0
MRPL34,78,78,4,298.5833333,2.325714286,0,1,2.673789174,78,5,0.552337977,119,1,0
MRPL35,78,78,4,298.5833333,2.325714286,0,1,2.673789174,78,5,0.552337977,0,1,0
MRPL36,82,84,4,334.0833333,2.63,1029.569097,0.874928285,2.37037037,78,5,0.571114662,192,6,0
MRPL37,78,78,4,298.5833333,2.325714286,0,1,2.673789174,78,5,0.552337977,10034,1,0
MRPL38,78,78,4,298.5833333,2.325714286,0,1,2.673789174,78,5,0.552337977,394,1,0
MRPL39,80,80,4,327.4166667,2.584285714,377.6168391,0.951898734,2.415954416,78,5,0.562646438,0,3,0
MRPL4,81,81,4,321.0833333,2.521428571,88.95125131,0.950617284,2.478632479,78,5,0.564091744,538,6,0
MRPL40,79,82,4,320.1666667,2.514285714,533.6610085,0.916591388,2.485754986,78,5,0.54409947,1293,5,0
MRPL41,79,80,4,305.5,2.381428571,82.47668053,0.963291139,2.618233618,78,5,0.555618388,901,3,0
MRPL42,79,79,4,306.4166667,2.391428571,83.74444883,0.975332684,2.608262108,78,5,0.555618388,2075,2,0
MRPL43,81,82,4,311.5,2.43,245.821554,0.919602529,2.56980057,78,5,0.562142118,795,6,0
MRPL44,81,81,4,311.0833333,2.431428571,314.8971021,0.933024691,2.568376068,78,5,0.564091744,914,4,0
MRPL45,79,80,4,306.75,2.391428571,171.8653056,0.950632911,2.608262108,78,5,0.555618388,249,3,0
MRPL46,79,79,4,299.8333333,2.334285714,2.428297426,0.987990912,2.665242165,78,5,0.555618388,8470,2,0
MRPL47,80,80,4,307.5833333,2.402857143,32.48035108,0.968670886,2.596866097,78,5,0.562646438,0,4,0
MRPL48,78,79,4,301.25,2.35,192.0090986,0.974683544,2.64957265,78,5,0.55303013,2481,2,0
MRPL49,79,82,3,342.1666667,2.705714286,2261.662383,0.916892502,2.294871795,78,5,0.554263221,10179,4,0
MRPL50,78,78,4,298.5833333,2.325714286,0,1,2.673789174,78,5,0.552337977,27339,1,0
MRPL51,79,79,4,308.0833333,2.405714286,84.17231373,0.975008114,2.594017094,78,5,0.555618388,821,2,0
MRPL52,78,78,4,298.5833333,2.325714286,0,1,2.673789174,78,5,0.552337977,9,1,0
MRPL53,78,78,4,298.5833333,2.325714286,0,1,2.673789174,78,5,0.552337977,507,1,0
MRPL54,80,80,4,309.5833333,2.415714286,121.1998541,0.95443038,2.584045584,78,5,0.562646438,8482,4,0
MRPL55,78,78,4,298.5833333,2.325714286,0,1,2.673789174,78,5,0.552337977,5794,1,0
MRPL57,79,79,4,306.5,2.395714286,30.05205366,0.979876663,2.603988604,78,5,0.555618388,2668,2,0
MRPL9,81,82,4,316.8333333,2.478571429,197.5633011,0.922613671,2.521367521,78,5,0.564091744,621,6,0
MRPS10,100,100,3,356,2.772857143,1292.163159,0.669090909,2.227920228,78,5,0.564503914,697,24,0
MRPS11,96,96,3,346.1666667,2.7,810.9772863,0.715789474,2.300569801,78,5,0.549524168,118,19,0
MRPS12,98,98,3,347.3333333,2.704285714,973.432791,0.690721649,2.296296296,78,5,0.551725821,22164,24,0
MRPS14,100,100,3,352.8333333,2.745714286,1171.0839,0.66989899,2.254985755,78,5,0.564503914,9717,25,0
MRPS15,99,99,3,350.6666667,2.73,1053.965236,0.683158112,2.270655271,78,5,0.5582545,31144,25,0
MRPS16,79,79,4,299.8333333,2.334285714,2.428297426,0.987990912,2.665242165,78,5,0.555618388,24194,2,0
MRPS18A,80,80,4,314.4166667,2.465714286,59.89113845,0.96835443,2.534188034,78,5,0.562646438,1147,4,0
MRPS18B,79,79,4,310.5833333,2.434285714,141.0464252,0.975008114,2.565527066,78,5,0.555618388,2618,2,0
MRPS18C,81,81,4,324.1666667,2.547142857,124.4887659,0.945679012,2.452991453,78,5,0.564091744,0,5,0
MRPS2,80,80,4,314.4166667,2.465714286,58.80806311,0.969303797,2.534188034,78,5,0.562646438,128,4,0
MRPS22,79,79,4,308.1666667,2.405714286,57.07279252,0.977280104,2.594017094,78,5,0.555618388,2809,2,0
MRPS23,78,78,4,298.5833333,2.325714286,0,1,2.673789174,78,5,0.552337977,968,1,0
MRPS24,80,80,4,315.1666667,2.472857143,168.1714929,0.955379747,2.527065527,78,5,0.562646438,0,3,0
MRPS25,79,79,4,306.3333333,2.391428571,66.24215277,0.975008114,2.608262108,78,5,0.555618388,2765,2,0
MRPS26,78,79,4,305.4166667,2.384285714,93.82708086,0.974683544,2.615384615,78,5,0.54818506,5650,2,0
MRPS28,79,79,4,323.4166667,2.552857143,306.5226301,0.975657254,2.447293447,78,5,0.555618388,6484,2,0
MRPS30,78,78,4,298.5833333,2.325714286,0,1,2.673789174,78,5,0.552337977,0,1,0
MRPS31,79,79,4,304.25,2.372857143,39.37689275,0.975332684,2.626780627,78,5,0.555618388,17808,2,0
MRPS33,79,79,4,308.75,2.411428571,64.12706156,0.975981824,2.588319088,78,5,0.555618388,98990,2,0
MRPS34,79,81,4,316.3333333,2.482857143,479.2854799,0.939506173,2.517094017,78,5,0.551552887,3156,4,0
MRPS35,81,82,4,337.5833333,2.665714286,672.4870295,0.917795845,2.334757835,78,5,0.556943116,143,5,0
MRPS5,101,103,3,364.3333333,2.835714286,1757.559742,0.634304207,2.165242165,78,5,0.56419214,1892,30,0
MRPS6,79,82,4,310.3333333,2.427142857,365.531924,0.916892502,2.572649573,78,5,0.559683888,11938,4,0
MRPS7,104,104,3,370.3333333,2.884285714,2477.138589,0.623412995,2.116809117,78,5,0.576234668,8609,38,0
MRPS9,82,82,4,318.5833333,2.492857143,185.9051799,0.923215899,2.507122507,78,5,0.563474332,321,6,0
MTOR,108,108,3,389,3.032857143,904.4374765,0.386985116,1.968660969,43,3,0.564753138,1430,1803,1
MYBL2,63,63,4,332.8333333,2.678571429,320.5556988,0.535586278,2.321937322,43,3,0.523066558,2243,251,0
MYBPC3,68,68,3,344.3333333,2.764285714,295.2296271,0.489025461,2.236467236,32,2,0.523970223,1155,262,0
MYC,173,173,3,423.5,3.142857143,2463.429736,0.297889501,1.858974359,43,3,0.562923448,0,5564,1
MYH1,48,48,3,328.6666667,2.687142857,50.54368802,0.719858156,2.313390313,32,2,0.507627023,1049,258,0
MYH11,60,61,3,355,2.875714286,480.9198074,0.450273224,2.125356125,32,2,0.503106878,994,305,1
MYH3,50,50,3,329.3333333,2.687142857,82.42925197,0.675918367,2.313390313,32,2,0.533809326,279,230,0
MYH6,99,99,3,381.3333333,2.992857143,959.4580432,0.368996083,2.008547009,32,2,0.5582545,0,1022,0
MYH7,74,74,3,360.6666667,2.887142857,254.1300435,0.509070715,2.113960114,32,2,0.52676366,83,663,0
MYH8,49,50,3,330.1666667,2.694285714,119.8868574,0.657142857,2.306267806,32,2,0.529560044,332,248,0
MYL1,51,51,3,319.1666667,2.597142857,67.05373975,0.662745098,2.403133903,32,2,0.538960057,5148,202,0
MYL2,83,83,3,369.8333333,2.94,607.16086,0.401704378,2.061253561,32,2,0.570276902,561,461,0
MYL3,62,62,3,342,2.761428571,169.555294,0.555790587,2.239316239,32,2,0.516920387,0,278,0
MYL4,44,44,3,303,2.478571429,23.07198992,0.764270613,2.521367521,32,2,0.496984807,348,89,0
MYL7,55,55,3,342.8333333,2.788571429,243.4629471,0.462626263,2.212250712,32,2,0.494956696,465,158,0
MYLK,51,51,3,343.1666667,2.802857143,165.4365758,0.441568627,2.198005698,32,2,0.538960057,6314,121,0
MYLK3,16,17,4,282.4166667,2.34,25.66024436,0.433823529,2.65954416,17,2,0.438866209,1225,6,0
MYLPF,56,56,3,346,2.812857143,194.7919596,0.551948052,2.188034188,32,2,0.506766725,12849,191,0
MYOD1,87,87,3,372.3333333,2.95,1381.860293,0.320769848,2.051282051,37,3,0.56292776,0,339,0
MYOZ2,40,40,3,313.1666667,2.577142857,44.1817946,0.685897436,2.423076923,32,2,0.458162509,392,66,0
NALCN,11,15,4,278.75,2.314285714,64.98632759,0.123809524,2.685185185,13,1,0.34643983,369,13,0
NAV1,31,32,3,320,2.658571429,99.64946407,0.435483871,2.341880342,27,1,0.403957787,23323,102,0
NCAM1,48,48,3,351,2.878571429,479.9760793,0.308510638,2.122507123,31,3,0.507627023,2639,35,0
NCBP1,83,83,3,349.5,2.765714286,433.3665804,0.533646782,2.235042735,43,4,0.570276902,2838,103,0
NCSTN,20,21,4,308.4166667,2.59,96.88910278,0.4,2.41025641,17,3,0.409835658,311,20,0
NDC1,48,48,4,307.1666667,2.501428571,57.26054105,0.784574468,2.498575499,43,4,0.507627023,713,14,0
NEB,44,44,3,314.8333333,2.58,50.54107404,0.71141649,2.42022792,32,2,0.496984807,7187,93,0
NEDD4,61,61,3,363,2.944285714,486.2302418,0.379781421,2.056980057,33,3,0.50714885,704,236,0
NEDD4L,53,53,3,356.8333333,2.914285714,485.8722193,0.382438316,2.086894587,32,3,0.509385528,0,113,0
NFASC,34,35,3,323.5,2.68,142.173374,0.643697479,2.320512821,30,1,0.401604167,884,34,0
NKX2-5,72,72,3,364.1666667,2.922857143,845.7290868,0.33372457,2.078347578,32,2,0.517407214,2891,434,0
NLK,15,15,4,312.0833333,2.638571429,18.01455396,0.428571429,2.361823362,15,3,0.445360252,2892,8,0
NOS1,47,47,3,348.3333333,2.858571429,369.7857209,0.346901018,2.142450142,32,1,0.495147913,2708,90,1
NOS1AP,23,23,3,305.5,2.56,74.56867207,0.529644269,2.44017094,19,1,0.393682612,1336,13,0
NOS2,36,36,3,341.6666667,2.832857143,209.3703623,0.46984127,2.168091168,32,3,0.415392612,86,39,1
NOS3,74,74,3,364.6666667,2.921428571,746.2216569,0.333950389,2.07977208,35,3,0.52676366,1359,284,1
NOTCH1,155,155,3,417.1666667,3.14,3506.392162,0.284206116,1.861823362,43,3,0.557125035,858,3062,0
NPPA,46,46,3,343.5,2.82,307.8778334,0.42705314,2.180911681,32,2,0.483161437,6933,127,0
NPR1,9,10,4,282.5,2.398571429,10.96533585,0.311111111,2.601139601,10,1,0.305911818,2,7,1
NPR3,3,3,4,272.0833333,2.328571429,0,1,2.670940171,3,2,0.159664184,0,1,1
NRCAM,37,38,3,323.8333333,2.674285714,139.6389401,0.561877667,2.326210826,30,1,0.449722615,618,41,0
NUDT21,53,53,4,334.9166667,2.725714286,309.6675902,0.711901306,2.274928775,43,4,0.509385528,2946,11,0
NUMB,28,29,3,328.8333333,2.742857143,171.796489,0.401477833,2.257834758,23,3,0.43666757,6087,28,0
NUP107,51,51,4,315.3333333,2.562857143,71.51863631,0.756862745,2.437321937,43,4,0.538960057,120,31,0
NUP133,52,52,4,323.4166667,2.63,206.222681,0.720211161,2.37037037,43,4,0.523125199,1923,33,0
NUP153,57,57,4,343.5833333,2.788571429,395.6469894,0.633458647,2.212250712,43,4,0.507199388,60205,57,0
NUP155,74,74,3,362.3333333,2.901428571,2829.348235,0.426138467,2.0997151,43,4,0.52676366,4554,105,0
NUP160,48,48,4,322.3333333,2.631428571,70.5409793,0.813829787,2.368945869,43,4,0.507627023,499,22,0
NUP188,44,45,4,305.6666667,2.497142857,42.92777267,0.863636364,2.502849003,43,4,0.48438012,566,10,0
NUP205,49,49,4,308.3333333,2.508571429,50.59798387,0.781462585,2.491452991,43,4,0.520533453,602,24,0
NUP210,46,46,4,310.5,2.535714286,27.07759763,0.871497585,2.464387464,43,4,0.483161437,801,19,0
NUP214,59,60,4,340.5833333,2.754285714,661.4386176,0.583050847,2.246438746,43,4,0.499775938,6391,62,0
NUP35,48,49,4,311.8333333,2.538571429,124.575893,0.762755102,2.461538462,43,4,0.507627023,1739,20,0
NUP37,57,58,4,332.3333333,2.688571429,537.0871949,0.586811857,2.311965812,43,4,0.501356077,0,36,0
NUP43,47,48,4,318,2.594285714,136.4199003,0.808510638,2.405982906,43,4,0.524179387,4493,21,0
NUP54,45,45,4,305,2.491428571,10.19106411,0.895959596,2.508547009,43,4,0.48908485,111,15,0
NUP62,49,49,4,317.8333333,2.59,57.37724817,0.791666667,2.41025641,43,4,0.520533453,9078,28,0
NUP85,50,51,4,326.75,2.661428571,211.0797412,0.738039216,2.339031339,43,4,0.541081933,6731,29,0
NUP88,47,47,4,311.1666667,2.538571429,31.06176854,0.845513414,2.461538462,43,4,0.495147913,4984,21,0
NUP93,47,47,4,311.5,2.541428571,46.40709603,0.839962997,2.458689459,43,4,0.495147913,1677,21,0
NUP98,38,38,4,316.3333333,2.608571429,102.9793753,0.684210526,2.391737892,37,4,0.441634123,432,21,0
ORC1,55,55,4,324.8333333,2.632857143,70.19614803,0.692929293,2.367521368,43,3,0.494956696,1738,222,0
ORC2,34,34,4,310.25,2.568571429,47.45236035,0.732620321,2.431623932,31,3,0.404373851,161,27,0
OXA1L,81,82,4,347.3333333,2.748571429,1168.188315,0.912074676,2.252136752,78,5,0.560842368,11515,6,0
PABPN1,53,53,4,330.4166667,2.687142857,148.9805118,0.789550073,2.313390313,43,4,0.509385528,1854,27,0
PCBP1,53,53,4,338.0833333,2.752857143,208.7449715,0.741654572,2.247863248,43,4,0.509385528,2135,26,0
PCBP2,47,47,4,304.0833333,2.474285714,9.935528828,0.914893617,2.525641026,43,4,0.495147913,3641,9,0
PCNA,72,72,4,349.5,2.795714286,754.874152,0.462050078,2.205128205,43,3,0.517407214,730,524,0
PDPK1,36,36,3,327,2.707142857,39.28008083,0.525396825,2.293447293,31,3,0.415392612,606,52,1
PGK1,26,26,3,335.6666667,2.81,254.5285951,0.378461538,2.190883191,19,1,0.38148475,65,24,1
PGK2,17,17,4,315.1666667,2.658571429,108.8033407,0.485294118,2.341880342,14,1,0.475931074,1913,10,0
PHKB,5,5,4,261.6666667,2.192857143,0.14965368,0.7,2.806267806,5,1,0.136066147,355,2,0
PIK3CD,41,41,3,339.3333333,2.798571429,215.2647627,0.46097561,2.202279202,32,3,0.474096574,23939,59,1
PIK3R1,74,75,3,362,2.895714286,323.7235278,0.443603604,2.105413105,36,3,0.52676366,29341,622,1
PIK3R2,42,42,3,325.3333333,2.675714286,41.83019431,0.612078978,2.324786325,32,3,0.488480697,1411,195,1
PIK3R3,36,36,3,322.8333333,2.671428571,29.5800338,0.66031746,2.329059829,32,3,0.415392612,27999,97,1
PKIA,3,5,4,268.0833333,2.264285714,8.772475746,0.3,2.735042735,5,1,0.159664184,17744,3,1
PKP1,17,18,3,294.8333333,2.482857143,24.03907566,0.68627451,2.517094017,16,2,0.423049843,842,6,0
PKP2,70,70,3,352.1666667,2.825714286,1045.470352,0.333333333,2.175213675,32,2,0.538184233,1569,202,0
PKP3,18,18,4,289,2.431428571,8.566859229,0.777777778,2.568376068,16,2,0.456635606,413,7,0
PKP4,20,22,4,298.8333333,2.504285714,90.04982224,0.593073593,2.495726496,16,2,0.409835658,1477,14,0
PLCG1,46,46,3,339.1666667,2.782857143,139.2731287,0.480193237,2.217948718,32,3,0.483161437,2906,139,0
PLN,32,32,3,305.1666667,2.531428571,91.33176765,0.431451613,2.468660969,25,2,0.404551175,1195,28,0
PNISR,12,13,4,263.4166667,2.214285714,13.55671933,0.794871795,2.784900285,13,4,0.473029879,126,5,0
POFUT1,7,7,4,276.5833333,2.351428571,9.692846287,0.619047619,2.648148148,7,3,0.193935037,830,5,0
POPDC2,6,7,3,280.5,2.391428571,33.76454794,0.380952381,2.608262108,7,2,0.200700014,1906,5,0
PPP3CA,45,45,3,346.3333333,2.847142857,366.8928666,0.3,2.153846154,32,1,0.48908485,173,68,1
PRKAA1,27,28,4,319.5833333,2.665714286,111.7007082,0.462962963,2.334757835,22,1,0.419237129,479,24,1
PRKAA2,27,27,4,315.4166667,2.632857143,51.89006039,0.507122507,2.367521368,22,1,0.398885812,168,22,1
PRKAB1,20,20,4,309.4166667,2.601428571,26.6177634,0.568421053,2.398860399,19,1,0.450147363,2499,12,1
PRKAB2,19,21,4,312.5833333,2.625714286,43.93134127,0.514285714,2.374643875,19,1,0.461128576,1836,12,1
PRKACA,106,106,3,386.6666667,3.018571429,2652.97088,0.187241689,1.982905983,32,1,0.560681074,7413,320,1
PRKACB,93,93,3,382.8333333,3.022857143,2123.305697,0.201496026,1.978632479,32,1,0.549519469,18790,226,1
PRKACG,87,87,3,374.8333333,2.971428571,1580.053643,0.215985031,2.02991453,32,1,0.56292776,23641,189,0
PRKAG2,55,55,3,359.3333333,2.93,616.651861,0.32996633,2.071225071,32,2,0.494956696,805,58,1
PRKAR1A,33,37,3,333.5,2.76,435.7429352,0.306306306,2.240740741,24,1,0.45415732,451,38,1
PRKAR1B,23,23,4,314.0833333,2.632857143,79.38378077,0.43083004,2.367521368,21,1,0.393682612,40,20,0
PRKAR2A,31,31,4,326.5833333,2.717142857,166.5709737,0.344086022,2.283475783,23,1,0.407189449,21702,29,1
PRKAR2B,29,29,3,326.5,2.722857143,137.1096386,0.42364532,2.277777778,23,1,0.415425531,11202,48,1
PRPF19,64,64,4,337.25,2.714285714,367.8461657,0.587797619,2.286324786,43,4,0.529714832,2,43,0
PRPF40A,48,48,4,321.6666667,2.625714286,64.19040452,0.860815603,2.374643875,43,4,0.507627023,199,13,0
PRPF40B,23,23,4,282.75,2.358571429,3.725321497,0.881422925,2.641025641,23,4,0.393682612,602,5,0
PSEN1,44,45,3,349.8333333,2.877142857,537.3926121,0.291919192,2.123931624,29,3,0.496984807,1119,79,0
PSEN2,15,16,4,303.4166667,2.561428571,98.36336597,0.416666667,2.438746439,13,3,0.445360252,12478,11,0
PTBP1,58,58,3,347.6666667,2.821428571,568.5984106,0.647912886,2.179487179,43,4,0.499491299,9513,27,0
PTCD3,78,79,4,306.6666667,2.398571429,94.96394381,0.974683544,2.601139601,78,5,0.55303013,0,2,0
PTEN,140,140,3,403.8333333,3.068571429,1181.694011,0.358684481,1.933048433,43,3,0.568618423,36188,4190,0
PTPN11,74,74,3,369.8333333,2.965714286,433.4820155,0.433172899,2.035612536,35,3,0.52676366,30053,589,1
PTPN3,9,9,3,305.6666667,2.601428571,9.363343785,0.444444444,2.398860399,9,3,0.305911818,1994,7,0
RAE1,51,52,4,319.8333333,2.598571429,197.593873,0.730015083,2.401709402,43,4,0.51785196,3073,37,0
RANBP2,72,72,4,348.5833333,2.788571429,754.8920864,0.476917058,2.212250712,43,4,0.517407214,3548,90,0
RANGRF,26,28,3,314.1666667,2.62,106.5396743,0.714285714,2.38034188,27,1,0.416165181,477,22,0
RASD1,9,10,4,301.25,2.56,75.99813433,0.377777778,2.44017094,10,1,0.407882424,3885,6,0
RB1,80,80,3,372.6666667,2.972857143,631.7278469,0.563291139,2.028490028,43,3,0.562646438,4374,1165,1
RBBP8,21,22,4,312,2.617142857,21.09672086,0.670995671,2.383190883,22,3,0.433502711,1323,21,0
RBL1,56,56,4,329.0833333,2.667142857,26.60823286,0.75974026,2.333333333,43,3,0.506766725,11679,710,0
RBL2,53,53,4,333.9166667,2.717142857,31.85891877,0.764150943,2.283475783,43,3,0.509385528,5278,370,0
RBM20,29,29,3,334,2.787142857,158.963303,0.633004926,2.213675214,27,2,0.415425531,2215,24,0
RBM25,39,39,3,337.1666667,2.785714286,391.2814498,0.690958165,2.215099715,34,4,0.455923997,3216,18,0
RBMX,52,52,3,326.8333333,2.66,223.7285744,0.786576169,2.34045584,43,4,0.523125199,2866,19,0
RBPJ,45,45,4,334.1666667,2.741428571,282.1507251,0.38989899,2.259259259,27,3,0.48908485,1654,112,0
RICTOR,33,33,3,329.3333333,2.735714286,40.29584182,0.689393939,2.264957265,28,3,0.410488347,2,32,0
RIMBP2,18,19,3,289,2.43,56.65822087,0.339181287,2.56980057,15,1,0.480669059,2031,16,0
RIMS1,20,21,3,302.1666667,2.537142857,332.344958,0.366666667,2.462962963,17,1,0.450147363,178,23,0
RIMS2,14,15,4,274,2.301428571,32.09555947,0.295238095,2.698005698,13,1,0.402235243,4139,14,0
RNF207,8,8,3,281.1666667,2.394285714,2.701306108,0.785714286,2.605413105,8,1,0.248273124,4106,3,0
ROCK2,27,28,3,334.1666667,2.791428571,120.6123782,0.346560847,2.209401709,27,3,0.394815549,0,30,1
RPL13A,58,59,4,344.25,2.788571429,1049.079066,0.578609001,2.212250712,43,5,0.489274431,2772,25,1
RPS27A,119,119,3,392,3.027142857,3123.281027,0.278450363,1.974358974,43,3,0.559267875,9250,874,0
RUNX2,72,72,3,354.6666667,2.841428571,283.1201394,0.492175274,2.15954416,37,3,0.517407214,20196,459,0
RUNX3,45,46,3,338.5,2.777142857,182.1947278,0.50531401,2.223646724,33,3,0.471741416,246,61,0
RYR1,66,68,3,358.1666667,2.882857143,833.0401196,0.327919227,2.118233618,32,2,0.513244718,3787,174,1
RYR2,111,111,3,381,2.955714286,1595.134946,0.278787879,2.045584046,32,2,0.54794201,477,1139,1
SCN10A,77,77,3,356,2.838571429,644.2700072,0.327067669,2.162393162,32,1,0.550224705,2271,433,1
SCN1A,75,75,3,351.8333333,2.808571429,688.2215732,0.296216216,2.192307692,32,1,0.534301001,853,307,1
SCN1B,80,80,3,355,2.821428571,519.5922737,0.385126582,2.179487179,32,1,0.562646438,4171,912,1
SCN2A,78,78,3,345.5,2.745714286,568.3241831,0.315018315,2.254985755,32,1,0.552337977,38286,441,1
SCN2B,61,61,3,337,2.721428571,342.6022905,0.43989071,2.279202279,32,1,0.50714885,5424,253,1
SCN3A,54,54,3,315,2.552857143,179.449043,0.400419287,2.447293447,30,1,0.498846613,716,147,1
SCN3B,61,61,3,328.8333333,2.651428571,190.6880937,0.457377049,2.349002849,32,1,0.50714885,1590,387,1
SCN4A,69,71,3,349,2.795714286,832.8481095,0.303420523,2.205128205,32,1,0.524940999,1190,254,1
SCN4B,75,75,3,343.6666667,2.738571429,340.2102534,0.390630631,2.262108262,32,1,0.534301001,0,715,1
SCN5A,198,200,2,450,3.292857143,15248.7993,0.14040201,1.709401709,32,1,0.53491832,636,2501,1
SCN7A,36,36,3,312.6666667,2.584285714,82.04772824,0.412698413,2.415954416,29,1,0.415392612,5714,26,1
SCN8A,70,70,3,338.5,2.708571429,403.6665726,0.332091097,2.292022792,32,1,0.538184233,201,346,1
SCN9A,60,62,3,342.6666667,2.767142857,684.4439379,0.312533051,2.233618234,32,1,0.510615936,790,113,1
SCNM1,7,10,3,302.3333333,2.57,92.79267642,0.311111111,2.43019943,10,1,0.426657082,526,6,0
SCNN1A,29,29,3,323.5,2.697142857,215.0317615,0.36453202,2.303418803,23,1,0.415425531,989,18,1
SCNN1B,28,28,3,314.3333333,2.621428571,163.2249025,0.402116402,2.378917379,23,1,0.417515483,669,18,1
SCNN1G,27,28,3,324.1666667,2.705714286,196.2440641,0.367724868,2.294871795,23,1,0.439588446,4700,17,1
SEL1L3,2,2,3,270.8333333,2.322857143,0,1,2.676638177,2,1,0.314253344,5192,1,0
SELE,22,24,3,321.3333333,2.692857143,71.36999798,0.586956522,2.307692308,23,3,0.372449572,1255,20,1
SF3A2,48,49,4,307.3333333,2.498571429,46.38602272,0.868197279,2.501424501,43,4,0.521641266,1298,14,0
SF3B1,61,62,3,338.6666667,2.732857143,521.4489539,0.591750397,2.267806268,43,4,0.529062689,251,47,0
SGCA,23,23,4,295.4166667,2.472857143,31.68015724,0.584980237,2.527065527,17,2,0.393682612,54438,21,0
SGCB,20,21,4,289.75,2.43,34.77702329,0.557142857,2.56980057,17,2,0.429991511,0,12,0
SGCD,34,34,3,314.8333333,2.608571429,73.80634999,0.59714795,2.391737892,26,2,0.404373851,626,36,0
SGK1,48,49,3,353,2.892857143,485.6765792,0.359693878,2.108262108,31,3,0.507627023,115,59,1
SH3KBP1,28,29,3,317.8333333,2.648571429,41.15056532,0.54679803,2.351851852,26,3,0.398363397,1550,32,0
SHC1,54,55,3,346.6666667,2.821428571,228.7942305,0.531313131,2.179487179,34,3,0.482218393,0,375,0
SIRT1,90,90,3,387.1666667,3.068571429,744.0236252,0.447690387,1.933048433,43,3,0.563008991,0,801,1
SKI,21,22,4,319.3333333,2.68,117.1298838,0.593073593,2.320512821,21,3,0.421116919,729,12,0
SKIL,27,27,4,309,2.577142857,32.4053568,0.632478632,2.423076923,23,3,0.398885812,4676,24,0
SKP1,74,74,4,353.75,2.827142857,254.9739627,0.506849315,2.173789174,43,3,0.52676366,700,475,1
SKP2,93,93,3,365.6666667,2.875714286,340.2575812,0.536933146,2.125356125,43,3,0.549519469,2712,2156,0
SLC5A3,3,3,3,281.8333333,2.414285714,7.927567665,0.666666667,2.585470085,3,1,0.159664184,4497,2,0
SLC8A1,44,44,3,326,2.675714286,177.4675665,0.366807611,2.324786325,31,2,0.496984807,18,88,1
SLC9A1,32,32,3,332.5,2.765714286,199.1507182,0.336693548,2.235042735,25,3,0.404551175,2230,30,1
SLMAP,27,27,3,303.8333333,2.534285714,212.1574015,0.646723647,2.465811966,24,1,0.398885812,825,14,0
SMAD1,55,55,3,357.1666667,2.911428571,317.0565002,0.42962963,2.08974359,32,3,0.494956696,7848,159,0
SMAD2,115,115,3,391.1666667,3.031428571,1081.359056,0.360335622,1.97008547,43,3,0.547974667,0,1465,1
SMAD3,118,118,3,396.3333333,3.067142857,1317.361559,0.355932203,1.934472934,43,3,0.553337285,860,1764,0
SMAD4,120,120,3,397.5,3.071428571,1964.751005,0.330672269,1.93019943,43,3,0.560608358,7505,1473,0
SMAD5,48,48,4,330.75,2.704285714,103.2325644,0.505319149,2.296296296,32,3,0.507627023,524,147,0
SMAD7,69,69,3,360.5,2.9,300.4449863,0.461210571,2.101139601,35,3,0.530037514,0,427,0
SMAD9,38,39,3,323.1666667,2.665714286,113.6800068,0.524966262,2.334757835,27,3,0.457735368,210,73,0
SMURF1,56,56,4,346.4166667,2.815714286,245.1194684,0.458441558,2.185185185,32,3,0.506766725,13421,206,0
SMURF2,51,51,4,335.4166667,2.735714286,177.0046785,0.476078431,2.264957265,32,3,0.538960057,19,84,0
SNRNP70,53,55,4,336.4166667,2.732857143,354.4629795,0.738047138,2.267806268,43,4,0.477713889,9,29,0
SNRPD1,73,73,4,324.9166667,2.581428571,95.1002777,0.664764079,2.418803419,43,4,0.524180086,744,82,0
SNRPD2,78,78,3,355.8333333,2.834285714,668.5749346,0.586413586,2.166666667,43,4,0.552337977,1008,89,0
SNRPD3,73,73,4,322.9166667,2.564285714,86.04133925,0.674277017,2.435897436,43,4,0.524180086,20301,86,0
SNRPE,80,83,3,360.3333333,2.858571429,1484.354011,0.511019689,2.142450142,43,4,0.559328947,0,62,0
SNRPF,75,75,4,332.4166667,2.64,363.6893025,0.606126126,2.36039886,43,4,0.534301001,5791,50,0
SNRPG,81,81,4,333.5833333,2.632857143,1056.050921,0.528703704,2.367521368,43,4,0.564091744,391,52,0
SNTA1,53,53,3,342.6666667,2.792857143,423.4760841,0.394775036,2.207977208,32,1,0.509385528,958,419,0
SNTB1,15,16,3,311.5,2.631428571,318.4315448,0.491666667,2.368945869,14,2,0.532259813,73,8,0
SNTB2,12,12,3,285.5,2.42,11.52544327,0.712121212,2.57977208,12,2,0.473029879,62,4,0
SNTG2,12,12,3,286.6666667,2.43,8.288049858,0.787878788,2.56980057,12,2,0.473029879,144,5,0
SORBS1,26,26,3,327.5,2.74,66.29440332,0.363076923,2.260683761,25,2,0.38148475,726,16,0
SPDYA,6,6,4,278.25,2.372857143,0,1,2.626780627,6,3,0.150525011,447,1,0
SPP1,52,52,3,343.6666667,2.804285714,87.21668339,0.626696833,2.196581197,35,3,0.523125199,164,216,0
SPRY1,24,24,3,319.5,2.677142857,13.23885879,0.652173913,2.323361823,24,3,0.371628053,667,29,0
SPRY2,26,28,3,329.5,2.751428571,98.69230433,0.494708995,2.249287749,26,3,0.442175505,144,30,0
SPTA1,31,33,3,331.6666667,2.755714286,611.875009,0.65530303,2.245014245,30,1,0.400726125,0,16,0
SPTAN1,57,58,3,361.3333333,2.938571429,753.8125625,0.331518451,2.062678063,32,1,0.507199388,2361,83,0
SPTB,35,36,3,333.8333333,2.765714286,132.3619673,0.576190476,2.235042735,30,1,0.401097499,0,21,0
SPTBN1,49,49,3,354.5,2.905714286,568.5133858,0.389455782,2.095441595,31,1,0.520533453,30998,54,1
SPTBN2,38,38,3,334.6666667,2.767142857,135.2137508,0.563300142,2.233618234,30,1,0.441634123,4984,33,0
SPTBN4,37,37,3,331.6666667,2.744285714,77.90387452,0.617117117,2.256410256,30,1,0.428078211,0,38,0
SPTBN5,32,32,3,326.8333333,2.717142857,55.47311386,0.703629032,2.283475783,30,1,0.404551175,4044,15,0
SRC,166,166,3,423.5,3.162857143,4440.558404,0.245052939,1.839031339,43,3,0.556653425,0,2717,1
SRF,53,53,3,356.1666667,2.908571429,420.3946396,0.367198839,2.092592593,34,3,0.509385528,425,100,0
SRRM1,72,74,4,329.9166667,2.622857143,538.1179777,0.617549056,2.377492877,43,4,0.512660358,5585,49,0
SRRM2,49,49,4,309.75,2.517142857,42.28663143,0.858843537,2.482905983,43,4,0.520533453,275,12,0
SRRT,61,61,4,334.25,2.697142857,807.3306256,0.612568306,2.303418803,43,4,0.50714885,6246,35,0
SRSF1,85,85,3,367.1666667,2.911428571,1092.164749,0.529691877,2.08974359,43,4,0.567233054,1014,133,0
SRSF11,69,69,4,317.75,2.531428571,84.79581076,0.679880648,2.468660969,43,4,0.530037514,549,31,0
SRSF3,73,75,4,337.5833333,2.684285714,433.2599437,0.608648649,2.316239316,43,4,0.523406959,22752,64,0
SRSF7,71,71,4,321.4166667,2.557142857,74.14783619,0.692957746,2.443019943,43,4,0.52801487,1914,64,0
ST8SIA2,7,9,3,285.3333333,2.427142857,15.72502178,0.388888889,2.572649573,9,1,0.193935037,982,5,0
STK11,60,60,3,356.8333333,2.894285714,245.5664782,0.500564972,2.106837607,37,3,0.500961433,4253,167,0
STRIP1,3,4,4,250.6666667,2.131428571,12.40601139,0.5,2.867521368,4,1,0.159664184,4565,2,0
STRN,15,15,4,311.5833333,2.634285714,219.264666,0.285714286,2.366096866,13,1,0.445360252,1308,12,0
SUN2,9,12,4,280.5,2.37,79.78401315,0.363636364,2.62962963,11,4,0.407882424,515,6,0
SYK,40,40,3,330,2.721428571,78.45326416,0.544871795,2.279202279,32,3,0.458162509,769,81,1
TBX18,26,26,3,313.6666667,2.621428571,34.23912513,0.569230769,2.378917379,20,2,0.38148475,2008,38,0
TBX20,30,30,3,320.5,2.668571429,100.7715657,0.544827586,2.331908832,26,2,0.419867845,4,68,0
TBX3,29,29,3,333.8333333,2.785714286,103.0228099,0.502463054,2.215099715,24,3,0.415425531,127,34,0
TBX5,47,47,3,343.6666667,2.818571429,402.2952093,0.374653099,2.182336182,32,2,0.495147913,5794,111,0
TCAP,51,51,3,324.3333333,2.641428571,103.3028905,0.629803922,2.358974359,32,2,0.538960057,3628,122,0
TEAD4,9,9,4,285.1666667,2.424285714,2.423031488,0.444444444,2.575498575,9,3,0.305911818,13225,8,0
TGFB1,77,77,3,369.6666667,2.955714286,459.388506,0.462406015,2.045584046,37,3,0.550224705,4029,606,1
TGFBR1,71,71,3,363.8333333,2.922857143,497.0103137,0.395171026,2.078347578,35,3,0.52801487,5325,375,1
TGFBR2,63,63,3,356.5,2.882857143,346.7234952,0.430107527,2.118233618,35,3,0.523066558,363,311,1
TGFBRAP1,6,6,4,259.25,2.17,0.051783659,0.933333333,2.829059829,6,3,0.150525011,0,2,0
THOC5,43,43,4,319.9166667,2.625714286,98.90033093,0.747508306,2.374643875,43,4,0.492111402,362,13,0
TJP1,56,56,3,350.6666667,2.852857143,350.5208071,0.455844156,2.148148148,34,3,0.506766725,1010,120,0
TMEM158,1,3,3,272.5,2.334285714,12.41622493,0,2.665242165,3,3,1,0,3,0
TMEM43,17,18,3,312.5,2.634285714,185.8841174,0.581699346,2.366096866,16,2,0.423049843,55,10,0
TMOD1,29,29,4,282.0833333,2.307142857,11.70220653,0.903940887,2.692307692,29,2,0.415425531,356,5,0
TNNC1,42,42,4,297.25,2.401428571,56.73350721,0.701509872,2.598290598,32,2,0.488480697,431,67,1
TNNC2,49,50,3,329.3333333,2.687142857,146.4258974,0.619591837,2.313390313,32,2,0.535577772,5028,130,1
TNNI1,41,41,3,304.5,2.5,20.30797592,0.795121951,2.5,32,2,0.474096574,49578,66,0
TNNI2,42,42,3,311.8333333,2.56,31.70732554,0.767711963,2.44017094,32,2,0.488480697,3472,62,0
TNNI3,81,81,3,364.8333333,2.902857143,500.1908584,0.429012346,2.098290598,32,2,0.564091744,1873,553,1
TNNT1,42,42,3,328,2.698571429,112.1234869,0.730545877,2.301994302,32,2,0.488480697,347,68,0
TNNT2,82,82,3,367.3333333,2.921428571,510.369416,0.431496537,2.07977208,32,2,0.563474332,2801,610,0
TNNT3,46,46,3,310,2.532857143,53.22855366,0.72173913,2.467236467,32,2,0.483161437,4024,124,0
TP53,191,192,3,440.5,3.234285714,5042.655003,0.259871291,1.767806268,43,3,0.539515411,0,6753,1
TPI1,28,28,4,340.5833333,2.845714286,376.4274387,0.253968254,2.155270655,19,1,0.417515483,2041,23,1
TPM1,67,67,3,357.6666667,2.881428571,431.2376806,0.468113976,2.11965812,32,2,0.513898752,0,322,0
TPM2,50,50,3,336,2.744285714,155.0284004,0.632653061,2.256410256,32,2,0.533809326,382,205,0
TPM3,55,56,3,342.8333333,2.785714286,598.7169026,0.538311688,2.215099715,32,2,0.507361626,2709,257,0
TPM4,45,47,3,335,2.744285714,278.6153313,0.640148011,2.256410256,32,2,0.490819194,3615,176,0
TPR,70,70,3,359.6666667,2.89,691.1795397,0.527122153,2.111111111,43,4,0.538184233,21,88,0
TRA2B,49,49,4,310.5,2.525714286,138.1857203,0.860544218,2.474358974,43,4,0.520533453,0,13,0
TRDN,44,44,3,332.5,2.731428571,136.2708288,0.50422833,2.269230769,32,2,0.496984807,4903,133,0
TRIM33,14,14,4,295.1666667,2.495714286,1.505846011,0.813186813,2.504273504,14,3,0.463179977,1080,9,0
TRIM72,4,5,4,267.9166667,2.248571429,1.223892786,0.6,2.750712251,5,2,0.098755164,334,2,0
TRPA1,17,17,3,289.8333333,2.442857143,11.8454969,0.558823529,2.556980057,16,1,0.475931074,94,29,1
TRPM4,39,39,3,313.6666667,2.584285714,90.84485218,0.469635628,2.415954416,28,1,0.455923997,0,58,0
TRPM8,10,10,3,305.5,2.597142857,15.22768982,0.711111111,2.403133903,10,1,0.363453555,6196,9,1
TSC2,55,55,3,351,2.858571429,132.4502317,0.571717172,2.142450142,37,3,0.494956696,0,130,0
TSC22D3,17,18,4,308.5833333,2.6,66.59621705,0.496732026,2.4002849,18,3,0.423049843,3307,9,0
TSPO,4,8,4,292.0833333,2.485714286,66.02594596,0.25,2.514245014,8,1,0.790041312,11156,7,1
TTN,80,80,3,364.3333333,2.901428571,509.5289837,0.430379747,2.0997151,32,2,0.562646438,50528,517,0
U2AF2,75,76,4,329.5833333,2.612857143,261.9393777,0.604561404,2.387464387,43,4,0.540213045,282,60,0
UBA52,133,133,3,405.6666667,3.104285714,5480.863149,0.237753475,1.897435897,43,3,0.571493815,7123,630,0
UBB,115,115,3,391,3.03,1919.266251,0.304958047,1.971509972,43,3,0.547974667,262,1257,1
UBC,115,115,3,390.3333333,3.024285714,1837.698083,0.305720824,1.977207977,43,3,0.547974667,1862,1348,1
UBE2D1,54,54,4,338.75,2.755714286,137.5043648,0.483577918,2.245014245,33,3,0.498846613,535,202,0
UBE2D2,34,34,4,318.9166667,2.642857143,29.32345935,0.625668449,2.357549858,31,3,0.404373851,1059,55,0
UBE2D3,41,41,4,328.0833333,2.701428571,75.32090209,0.524390244,2.299145299,32,3,0.474096574,8400,65,0
UBE2D4,24,24,4,299.5833333,2.505714286,11.47512946,0.77173913,2.494301994,23,3,0.371628053,4893,6,0
UBE2K,33,34,4,325.4166667,2.698571429,168.125879,0.540106952,2.301994302,27,3,0.393020758,22695,30,0
UBE2S,45,45,4,341.25,2.802857143,116.6272959,0.560606061,2.198005698,33,3,0.48908485,752,90,0
UNC13B,12,14,4,275.8333333,2.33,43.05114863,0.241758242,2.66951567,13,1,0.457262216,4609,13,0
UNC79,24,24,3,293.8333333,2.457142857,62.99643273,0.380434783,2.542735043,18,1,0.371628053,1527,30,0
UNC80,11,11,4,281.1666667,2.352857143,15.61637205,0.4,2.646723647,11,1,0.419374531,2742,6,0
VAV1,46,46,3,335.5,2.751428571,63.41419639,0.581642512,2.249287749,32,3,0.483161437,7959,226,0
VCL,96,96,3,381.1666667,3,1262.280206,0.301973684,2.001424501,34,2,0.549524168,4790,407,0
VR1,39,39,3,343.8333333,2.842857143,212.6115761,0.354925776,2.158119658,30,1,0.455923997,75,77,1
VWA1,6,9,3,299.6666667,2.55,37.01413027,0.444444444,2.45014245,9,3,0.200700014,0,3,0
WEE1,64,65,3,342.5,2.757142857,159.9213685,0.648076923,2.243589744,43,3,0.508526238,2202,759,0
WWP2,25,25,3,323.1666667,2.705714286,68.13240753,0.546666667,2.294871795,23,3,0.37027993,1739,15,0
WWTR1,23,24,4,308.8333333,2.584285714,38.17807644,0.456521739,2.415954416,23,3,0.383042541,744,29,0
XK,6,7,3,298.6666667,2.547142857,182.252983,0.285714286,2.452991453,6,1,0.200700014,49,5,0
XPO1,97,98,4,371.9166667,2.914285714,1643.75896,0.329265727,2.086894587,43,4,0.559333612,1824,285,0
YAP1,52,52,3,342,2.79,190.6259821,0.492458522,2.210826211,35,3,0.523125199,15154,116,0
ZAP70,42,42,4,332.4166667,2.735714286,102.7551371,0.528455285,2.264957265,32,3,0.488480697,188,139,1
ZFPM2,11,11,4,274.4166667,2.298571429,1.411672078,0.818181818,2.700854701,11,2,0.419374531,2535,7,0
ZFYVE9,15,15,4,276.6666667,2.301428571,1.622743577,0.933333333,2.698005698,15,3,0.445360252,630,3,0
